epoch,Train_loss,Test_loss,Train_f1_score,Train_auroc,Test_f1_score,Test_auroc
1,3.4704889613219505,3.4657368621869717,0.002362314131368226,0.0,0.0,0.0
2,3.4657407088933843,3.46573643052959,4.126733767730647e-07,0.0,0.0,0.0
